{
  "project_info": {
    "project_number": "960636330691",
    "firebase_url": "https://omkarmichealthapp.firebaseio.com",
    "project_id": "omkarmichealthapp",
    "storage_bucket": "omkarmichealthapp.appspot.com"
  },
  "client": [
    {
      "client_info": {
        "mobilesdk_app_id": "1:960636330691:android:13c344dd19141e17d93876",
        "android_client_info": {
          "package_name": "com.hrishistudio.vnit.omkarmic.omkarmichealthapp"
        }
      },
      "oauth_client": [
        {
          "client_id": "960636330691-alpuhh2vrmf0ihtavlu7ah9o3ldnkqbm.apps.googleusercontent.com",
          "client_type": 1,
          "android_info": {
            "package_name": "com.hrishistudio.vnit.omkarmic.omkarmichealthapp",
            "certificate_hash": "20c2b8b746e32d5de32080f9c55f6d1adc3f7fff"
          }
        },
        {
          "client_id": "960636330691-4dckerilqcb0m4pudqqqbv2396shujue.apps.googleusercontent.com",
          "client_type": 3
        }
      ],
      "api_key": [
        {
          "current_key": "AIzaSyDqHdx0xWLOb2-eV3t2PYjuHtTm37FZQxk"
        }
      ],
      "services": {
        "appinvite_service": {
          "other_platform_oauth_client": [
            {
              "client_id": "960636330691-4dckerilqcb0m4pudqqqbv2396shujue.apps.googleusercontent.com",
              "client_type": 3
            }
          ]
        }
      }
    }
  ],
  "configuration_version": "1"
}